"Y","Density"
0.,0.001811566355450367
0.01,0.0018231138636584667
0.02,0.0018346595966069214
0.03,0.0018462032034213195
0.04,0.0018577443423860684
0.05,0.0018692826809887909
0.06,0.0018808178959601662
0.07,0.00189234967330923
0.08,0.0019038777083541663
0.09,0.001915401705748611
0.1,0.0019269213795034955
0.11,0.00193843645300447
0.12,0.0019499466590249383
0.13,0.0019614517397347413
0.14,0.0019729514467045272
0.15,0.0019844455409058588
0.16,0.0019959337927071027
0.17,0.00200741598186513
0.18,0.002018891897512911
0.19,0.0020303613381430314
0.2,0.0020418241115871937
0.21,0.002053280034991759
0.22,0.00206472893478939
0.23,0.002076170646666863
0.24,0.002087605015529089
0.25,0.0020990318954594417
0.26,0.002110451149676435
0.27,0.002121862650486821
0.28,0.0021332662792351875
0.29,0.00214466192625014
0.3,0.0021560494907870826
0.31,0.0021674288809677674
0.32,0.002178800013716586
0.33,0.002190162814693766
0.34,0.0022015172182254976
0.35000000000000003,0.002212863167231091
0.36,0.0022242006131472404
0.37,0.002235529515849483
0.38,0.002246849843570922
0.39,0.0022581615728183143
0.4,0.002269464688285586
0.41000000000000003,0.0022807591827648873
0.42,0.0022920450570552446
0.43,0.0023033223198689113
0.44,0.002314590987735505
0.45,0.0023258510849040086
0.46,0.0023371026432427305
0.47000000000000003,0.002348345702137296
0.48,0.002359580308386787
0.49,0.002370806516098083
0.5,0.0023820243865785144
0.51,0.0023932339882268977
0.52,0.002404435396423063
0.53,0.002415628693415932
0.54,0.002426813968950115
0.55,0.002437991316452101
0.56,0.0024491608403131135
0.5700000000000001,0.0024603226483737597
0.58,0.0024714768555055035
0.59,0.0024826235827520885
0.6,0.002493762957209971
0.61,0.0025048951119080003
0.62,0.0025160201856864206
0.63,0.002527138323075283
0.64,0.0025382496741723415
0.65,0.002549354394520511
0.66,0.002560452644984979
0.67,0.0025715445916300265
0.68,0.0025826304055956545
0.6900000000000001,0.0025937102629740756
0.7000000000000001,0.0026047843446861635
0.71,0.0026158528363579027
0.72,0.0026269159281969512
0.73,0.0026379738148693357
0.74,0.0026490266953764037
0.75,0.0026600747729320557
0.76,0.002671118254840339
0.77,0.0026821573523734734
0.78,0.002693192280650375
0.79,0.002704223258515713
0.8,0.0027152505084195987
0.81,0.0027262742562979246
0.8200000000000001,0.0027372947314534568
0.8300000000000001,0.0027483121664376893
0.84,0.0027593267969335438
0.85,0.002770338861638975
0.86,0.0027813486021514805
0.87,0.002792356262853642
0.88,0.0028033620907996857
0.89,0.002814366335603116
0.9,0.002825369249325505
0.91,0.0028363710863664265
0.92,0.002847372103354626
0.93,0.002858372559040422
0.9400000000000001,0.0028693727141894092
0.9500000000000001,0.0028803728314774884
0.96,0.00289137317538725
0.97,0.0029023740121057575
0.98,0.002913375609423744
0.99,0.0029243782366362822
1.,0.0029353821644449176
1.01,0.0029463876648613205
1.02,0.0029573950111124662
1.03,0.002968404477547382
1.04,0.00297941633954545
1.05,0.002990430873426331
1.06,0.0030014483563614988
1.07,0.003012469066287398
1.08,0.0030234932818202546
1.09,0.003034521282172564
1.1,0.0030455533470712306
1.11,0.0030565897566774075
1.12,0.003067630791508037
1.1300000000000001,0.003078676732359082
1.1400000000000001,0.0030897278602304698
1.1500000000000001,0.0031007844562527674
1.16,0.0031118468016155584
1.17,0.003122915177497548
1.18,0.003133989864998404
1.19,0.0031450711450723076
1.2,0.003156159298461903
1.21,0.00316725460564068
1.22,0.0031783573467435568
1.23,0.0031894678015127863
1.24,0.003200586249238715
1.25,0.003211712968703633
1.26,0.003222848238127311
1.27,0.0032339923351142183
1.28,0.003245145536602435
1.29,0.0032563081188141992
1.3,0.0032674803572081343
1.31,0.003278662526433096
1.32,0.0032898549002836628
1.33,0.003301057751657227
1.34,0.0033122713525126912
1.35,0.003323495973830741
1.36,0.00333473188557568
1.37,0.0033459793566588294
1.3800000000000001,0.0033572386549034364
1.3900000000000001,0.0033685100470110993
1.4000000000000001,0.003379793798529699
1.41,0.0033910901738227837
1.42,0.003402399436040414
1.43,0.003413721847091446
1.44,0.0034250576676171994
1.45,0.003436407156966546
1.46,0.003447770573172335
1.47,0.003459148172929183
1.48,0.0034705402115725596
1.49,0.0034819469430592
1.5,0.0034933686199487535
1.51,0.0035048054933867106
1.52,0.003516257813088539
1.53,0.0035277258273250173
1.54,0.0035392097829087515
1.55,0.003550709925181839
1.56,0.0035622264980046487
1.57,0.003573759743745706
1.58,0.0035853099032726573
1.59,0.0035968772159442703
1.6,0.003608461919603467
1.61,0.003620064250571345
1.62,0.0036316844436421756
1.6300000000000001,0.003643322732079357
1.6400000000000001,0.0036549793476122585
1.6500000000000001,0.003666654520433994
1.6600000000000001,0.00367834847920004
1.67,0.003690061451027708
1.68,0.003701793661496433
1.69,0.0037135453346488516
1.7,0.0037253166929926617
1.71,0.003737107957503195
1.72,0.003748919347626751
1.73,0.0037607510812845825
1.74,0.0037726033748775836
1.75,0.003784476443291564
1.76,0.0037963704999033113
1.77,0.003808285756586969
1.78,0.0038202224237212407
1.79,0.00383218071019704
1.8,0.0038441608234256667
1.81,0.0038561629693475183
1.82,0.0038681873524412497
1.83,0.0038802341757334276
1.84,0.0038923036408086056
1.85,0.0039043959478198085
1.86,0.003916511295499443
1.87,0.003928649881170547
1.8800000000000001,0.003940811900758428
1.8900000000000001,0.003952997548802615
1.9000000000000001,0.003965207018469214
1.9100000000000001,0.003977440501563166
1.92,0.003989706695228818
1.93,0.0040019885487290055
1.94,0.004014294988052766
1.95,0.00402661835740919
1.96,0.0040389747379974885
1.97,0.004051356255000838
1.98,0.004063763091070801
1.99,0.004076195427607052
2.,0.004088653444771788
2.0100000000000002,0.0041011373215043044
2.02,0.004113647235535638
2.0300000000000002,0.00412618336340333
2.04,0.004138745880466257
2.05,0.004151334960919529
2.06,0.004163950777809451
2.07,0.004176593503048482
2.08,0.004189263307430295
2.09,0.004201960360644749
2.1,0.004214684831292978
2.11,0.004227436886902352
2.12,0.004240216693941517
2.13,0.004253024417835326
2.14,0.004265860222979768
2.15,0.004278724272756847
2.16,0.004291616729549359
2.17,0.004304537754755635
2.18,0.0043174875088041855
2.19,0.0043304661511682375
2.2,0.0043434738403802155
2.21,0.0043565107340460645
2.22,0.004369576988859494
2.23,0.00438267276061607
2.24,0.004395798204227218
2.25,0.004408953473734021
2.2600000000000002,0.0044221387223209625
2.27,0.004435354102329428
2.2800000000000002,0.004448599765271121
2.29,0.004461875861841292
2.3000000000000003,0.00447518254193177
2.31,0.004488519954643897
2.32,0.004501888248301186
2.33,0.004515287570461906
2.34,0.0045287180679313786
2.35,0.004542179886774169
2.36,0.004555673172326028
2.37,0.004569198069205662
2.38,0.004582754721326302
2.39,0.004596343271907069
2.4,0.004609963863484111
2.41,0.004623616637921578
2.42,0.004637301736422331
2.43,0.00465101930177794
2.44,0.004664769469408013
2.45,0.0046785523808451236
2.46,0.004692368172554426
2.47,0.004706216986994736
2.48,0.004720098959403048
2.49,0.004734014226635866
2.5,0.0047479629249665084
2.5100000000000002,0.0047619451900939025
2.52,0.004775961157151101
2.5300000000000002,0.004790010960713625
2.54,0.004804094734807546
2.5500000000000003,0.004818212612917371
2.56,0.004832364727993689
2.57,0.004846551212460586
2.58,0.0048607726744088
2.59,0.004875028276829241
2.6,0.004889318643308921
2.61,0.004903643904223161
2.62,0.004918004189454824
2.63,0.004932399628400411
2.64,0.004946830349975929
2.65,0.004961296482622538
2.66,0.004975798154312006
2.67,0.004990335936743419
2.68,0.005004909052322349
2.69,0.0050195180886356385
2.7,0.005034163171811634
2.71,0.0050488444275336285
2.72,0.005063561981044043
2.73,0.005078315957148353
2.74,0.00509310613901752
2.75,0.005107933345786679
2.7600000000000002,0.00512279734654292
2.77,0.005137698264392776
2.7800000000000002,0.00515263622202223
2.79,0.005167611341699454
2.8000000000000003,0.005182623745277406
2.81,0.005197673554196152
2.82,0.005212760889485095
2.83,0.005227885871764945
2.84,0.005243048621249513
2.85,0.005258249257747375
2.86,0.0052734879006632665
2.87,0.00528876466899939
2.88,0.0053040796813564614
2.89,0.00531943305593466
2.9,0.005334824910534332
2.91,0.005350255362556613
2.92,0.0053657245290037485
2.93,0.0053812325264794
2.94,0.005396779471188686
2.95,0.005412365478938086
2.96,0.005427990665135197
2.97,0.005443655144788332
2.98,0.005459359032505953
2.99,0.005475102442495937
3.,0.005490885488564748
3.0100000000000002,0.005506708284116374
3.02,0.005522570942151202
3.0300000000000002,0.00553847357521769
3.04,0.005554416295599639
3.0500000000000003,0.005570399215030508
3.06,0.005586422444881749
3.0700000000000003,0.00560248609611326
3.08,0.005618590279271402
3.09,0.005634735104486843
3.1,0.005650920681513862
3.11,0.005667147119560955
3.12,0.005683414527540101
3.13,0.005699723013895439
3.14,0.005716072686642869
3.15,0.005732463653367206
3.16,0.00574889602121915
3.17,0.005765369896912204
3.18,0.005781885386719421
3.19,0.005798442596470096
3.2,0.005815041631546289
3.21,0.005831682596879295
3.22,0.005848365596945931
3.23,0.005865090735764826
3.24,0.00588185811689251
3.25,0.005898667843419459
3.2600000000000002,0.005915520017965991
3.27,0.005932414742678138
3.2800000000000002,0.005949352119223322
3.29,0.005966332248786031
3.3000000000000003,0.0059833552320633435
3.31,0.0060004211692603875
3.3200000000000003,0.0060175301600857
3.33,0.006034682303746477
3.34,0.0060518776989437716
3.35,0.006069116443867609
3.36,0.006086398636191974
3.37,0.00610372437306976
3.38,0.006121093751127602
3.39,0.00613850686646066
3.4,0.0061559638146273105
3.41,0.0061734646906437575
3.42,0.006191009588978564
3.43,0.006208598603547137
3.44,0.006226231827706098
3.45,0.006243909354247612
3.46,0.006261631275393651
3.47,0.006279397682790146
3.48,0.006297208667501121
3.49,0.006315064320002749
3.5,0.006332964730177292
3.5100000000000002,0.006350909987307071
3.52,0.00636890018006827
3.5300000000000002,0.0063869353965247755
3.54,0.006405015724121879
3.5500000000000003,0.006423141249679952
3.56,0.00644131205938793
3.5700000000000003,0.006459528238797432
3.58,0.006477789872815411
3.59,0.0064960970456981485
3.6,0.006514449841044548
3.61,0.006532848341789432
3.62,0.006551292630196873
3.63,0.006569782787853388
3.64,0.006588318895661164
3.65,0.006606901033831174
3.66,0.006625529281876264
3.67,0.0066442037186042495
3.68,0.006662924422110856
3.69,0.006681691469772703
3.7,0.006700504938240207
3.71,0.006719364903430479
3.72,0.006738271440520116
3.73,0.006757224623938028
3.74,0.006776224527358153
3.75,0.006795271223692189
3.7600000000000002,0.0068143647850822595
3.77,0.006833505282893565
3.7800000000000002,0.006852692787706956
3.79,0.006871927369311538
3.8000000000000003,0.006891209096697153
3.81,0.006910538038046922
3.8200000000000003,0.0069299142607297266
3.83,0.006949337831292581
3.84,0.006968808815453094
3.85,0.00698832727809186
3.86,0.007007893285321842
3.87,0.007027506896065192
3.88,0.00704716817483488
3.89,0.007066877183086281
3.9,0.0070866339813992225
3.91,0.007106438629470215
3.92,0.00712629118610464
3.93,0.007146191709208922
3.94,0.007166140255782706
3.95,0.007186136881910957
3.96,0.007206181642756158
3.97,0.007226274592550295
3.98,0.0072464157845870125
3.99,0.0072666052701792095
4.,0.007286843102843764
4.01,0.007307129331919506
4.0200000000000005,0.007327464006867291
4.03,0.007347847176169819
4.04,0.007368278887323573
4.05,0.007388759186830869
4.0600000000000005,0.0074092881201917845
4.07,0.007429865731896138
4.08,0.007450492065415464
4.09,0.007471167163194959
4.1,0.007491891066645402
4.11,0.007512663816135146
4.12,0.007533485450981985
4.13,0.007554356009445131
4.14,0.0075752755287171805
4.15,0.007596244044915931
4.16,0.0076172615930764215
4.17,0.007638328207142783
4.18,0.007659443919960226
4.19,0.007680608763266905
4.2,0.00770182276768593
4.21,0.007723085962717233
4.22,0.007744398376729544
4.23,0.007765760036952367
4.24,0.0077871709694678545
4.25,0.007808631199202863
4.26,0.007830140749920871
4.2700000000000005,0.007851699644213955
4.28,0.007873307903494846
4.29,0.007894965547988842
4.3,0.007916672596725922
4.3100000000000005,0.007938429067532695
4.32,0.007960234977024498
4.33,0.007982090340597452
4.34,0.0080039951724205
4.3500000000000005,0.008025949485427576
4.36,0.00804795329130966
4.37,0.008070006600506956
4.38,0.00809210942220103
4.39,0.008114261764306947
4.4,0.00813646363346559
4.41,0.00815871503503574
4.42,0.008181015973086452
4.43,0.00820336645038928
4.44,0.00822576646841056
4.45,0.00824821602730378
4.46,0.00827071512590195
4.47,0.008293263761709944
4.48,0.008315861930896997
4.49,0.00833850962828909
4.5,0.008361206847361517
4.51,0.00838395358023131
4.5200000000000005,0.008406749817649937
4.53,0.008429595548748897
4.54,0.008452490762018651
4.55,0.00847543544382392
4.5600000000000005,0.008498429579379971
4.57,0.008521473153584362
4.58,0.00854456614558697
4.59,0.008567708539628443
4.6000000000000005,0.008590900314187426
4.61,0.008614141447396403
4.62,0.008637431915950008
4.63,0.008660771695098147
4.64,0.008684160758638995
4.65,0.0087075990789122
4.66,0.008731086626791996
4.67,0.00875462337168053
4.68,0.008778209281501033
4.69,0.008801844322691245
4.7,0.008825528460196772
4.71,0.008849261657464594
4.72,0.008873043876436516
4.73,0.008896875077542781
4.74,0.008920755219695691
4.75,0.008944684260283312
4.76,0.008968662155163218
4.7700000000000005,0.00899268885865632
4.78,0.009016764323540809
4.79,0.009040888501045974
4.8,0.009065061340846389
4.8100000000000005,0.009089282791055878
4.82,0.009113552798221777
4.83,0.009137871307319063
4.84,0.009162238261744764
4.8500000000000005,0.009186653603312256
4.86,0.009211117272245767
4.87,0.009235629207174861
4.88,0.009260189345129108
4.89,0.009284797621532816
4.9,0.009309453970199073
4.91,0.009334158323326229
4.92,0.00935891061149132
4.93,0.009383710763645647
4.94,0.009408558707110187
4.95,0.009433454367569321
4.96,0.009458397669068024
4.97,0.009483388534006137
4.98,0.009508426883134054
4.99,0.009533512635548209
5.,0.009558645708684543
5.01,0.009583826018322797
5.0200000000000005,0.009609053478569631
5.03,0.009634328001862855
5.04,0.009659649498965368
5.05,0.009685017878961295
5.0600000000000005,0.009710433049252074
5.07,0.009735894915552917
5.08,0.009761403381889024
5.09,0.009786958350592198
5.1000000000000005,0.009812559722297342
5.11,0.009838207395939333
5.12,0.009863901268749546
5.13,0.009889641236253037
5.14,0.009915427192265434
5.15,0.009941259028889987
5.16,0.009967136636514983
5.17,0.009993059903810959
5.18,0.010019028717728168
5.19,0.010045042963494226
5.2,0.010071102524611643
5.21,0.010097207282855809
5.22,0.01012335711827368
5.23,0.010149551909178205
5.24,0.010175791532151937
5.25,0.010202075862041643
5.26,0.010228404771957668
5.2700000000000005,0.010254778133272293
5.28,0.010281195815618538
5.29,0.010307657686888782
5.3,0.010334163613233702
5.3100000000000005,0.010360713459061272
5.32,0.01038730708703587
5.33,0.010413944358077513
5.34,0.010440625131361292
5.3500000000000005,0.010467349264316896
5.36,0.010494116612628135
5.37,0.010520927030232888
5.38,0.010547780369322808
5.39,0.010574676480343524
5.4,0.010601615211994792
5.41,0.010628596411230713
5.42,0.010655619923260225
5.43,0.010682685591547714
5.44,0.010709793257813675
5.45,0.010736942762035639
5.46,0.010764133942449069
5.47,0.010791366635548583
5.48,0.01081864067608921
5.49,0.010845955897087752
5.5,0.01087331212982447
5.51,0.010900709203844637
5.5200000000000005,0.010928146946960485
5.53,0.010955625185253177
5.54,0.010983143743074976
5.55,0.011010702443051457
5.5600000000000005,0.011038301106084045
5.57,0.011065939551352497
5.58,0.011093617596317698
5.59,0.011121335056724593
5.6000000000000005,0.011149091746605062
5.61,0.011176887478281255
5.62,0.011204722062368905
5.63,0.01123259530778075
5.64,0.011260507021730249
5.65,0.011288457009735325
5.66,0.011316445075622347
5.67,0.011344471021530272
5.68,0.011372534647914809
5.69,0.011400635753552983
5.7,0.011428774135547529
5.71,0.011456949589331848
5.72,0.011485161908674716
5.73,0.011513410885685405
5.74,0.011541696310818899
5.75,0.011570017972881288
5.76,0.011598375659035251
5.7700000000000005,0.01162676915480576
5.78,0.01165519824408601
5.79,0.011683662709143287
5.8,0.011712162330625234
5.8100000000000005,0.011740696887566278
5.82,0.011769266157393961
5.83,0.011797869915935712
5.84,0.01182650793742566
5.8500000000000005,0.011855179994511588
5.86,0.01188388585826217
5.87,0.011912625298174237
5.88,0.011941398082180277
5.89,0.011970203976656067
5.9,0.011999042746428547
5.91,0.012027914154783761
5.92,0.012056817963475014
5.93,0.012085753932731147
5.94,0.012114721821265162
5.95,0.012143721386282724
5.96,0.012172752383490977
5.97,0.012201814567107665
5.98,0.01223090768987011
5.99,0.012260031503044642
6.,0.012289185756436111
6.01,0.012318370198397335
6.0200000000000005,0.012347584575839177
6.03,0.012376828634240375
6.04,0.012406102117657653
6.05,0.012435404768736235
6.0600000000000005,0.012464736328720078
6.07,0.012494096537462723
6.08,0.012523485133438091
6.09,0.012552901853751236
6.1000000000000005,0.012582346434149847
6.11,0.012611818609035302
6.12,0.012641318111474273
6.13,0.012670844673210292
6.140000000000001,0.012700398024675737
6.15,0.012729977895003528
6.16,0.012759584012039544
6.17,0.012789216102354778
6.18,0.01281887389125787
6.19,0.012848557102807755
6.2,0.012878265459826354
6.21,0.012907998683911756
6.22,0.012937756495451062
6.23,0.012967538613633945
6.24,0.012997344756465988
6.25,0.013027174640782214
6.26,0.013057027982261049
6.2700000000000005,0.01308690449543811
6.28,0.01311680389372113
6.29,0.013146725889401035
6.3,0.01317667019367123
6.3100000000000005,0.013206636516638875
6.32,0.013236624567340396
6.33,0.01326663405375653
6.34,0.013296664682827135
6.3500000000000005,0.013326716160466595
6.36,0.0133567881915792
6.37,0.01338688048007437
6.38,0.013416992728882677
6.390000000000001,0.013447124639971407
6.4,0.013477275914360666
6.41,0.01350744625213951
6.42,0.013537635352482074
6.43,0.013567842913664146
6.44,0.013598068633079647
6.45,0.013628312207257439
6.46,0.013658573331878053
6.47,0.013688851701790893
6.48,0.013719147011031151
6.49,0.013749458952837345
6.5,0.01377978721966858
6.51,0.013810131503222247
6.5200000000000005,0.013840491494451702
6.53,0.01387086688358414
6.54,0.013901257360138577
6.55,0.013931662612944026
6.5600000000000005,0.013962082330157633
6.57,0.013992516199283548
6.58,0.014022963907190857
6.59,0.014053425140132553
6.6000000000000005,0.014083899583764438
6.61,0.014114386923163877
6.62,0.014144886842848979
6.63,0.014175399026797863
6.640000000000001,0.01420592315846775
6.65,0.014236458920814592
6.66,0.014267005996312627
6.67,0.014297564066974057
6.68,0.014328132814368748
6.69,0.014358711919644412
6.7,0.014389301063546382
6.71,0.014419899926437992
6.72,0.014450508188320743
6.73,0.014481125528854739
6.74,0.014511751627379199
6.75,0.014542386162933053
6.76,0.01457302881427568
6.7700000000000005,0.014603679259907716
6.78,0.014634337178092087
6.79,0.014665002246874895
6.8,0.014695674144106687
6.8100000000000005,0.01472635254746361
6.82,0.014757037134468907
6.83,0.0147877275825142
6.84,0.014818423568880962
6.8500000000000005,0.014849124770762466
6.86,0.01487983086528512
6.87,0.014910541529530509
6.88,0.014941256440557271
6.890000000000001,0.01497197527542302
6.9,0.015002697711206395
6.91,0.015033423425029323
6.92,0.015064152094079098
6.93,0.015094883395630834
6.94,0.015125617007069714
6.95,0.015156352605913522
6.96,0.015187089869835286
6.97,0.015217828476685624
6.98,0.01524856810451557
6.99,0.01527930843159937
7.,0.015310049136457143
7.01,0.015340789897877835
7.0200000000000005,0.015371530394942143
7.03,0.015402270307045338
7.04,0.015433009313920673
7.05,0.015463747095662004
7.0600000000000005,0.01549448333274732
7.07,0.015525217706061717
7.08,0.015555949896920744
7.09,0.015586679587093706
7.1000000000000005,0.015617406458826817
7.11,0.015648130194866806
7.12,0.015678850478484184
7.13,0.015709566993496713
7.140000000000001,0.015740279424292968
7.15,0.015770987455855694
7.16,0.015801690773785515
7.17,0.01583238906432437
7.18,0.015863082014379155
7.19,0.015893769311545392
7.2,0.01592445064413087
7.21,0.015955125701179174
7.22,0.015985794172493392
7.23,0.016016455748659966
7.24,0.016047110121072246
7.25,0.016077756981954076
7.26,0.01610839602438384
7.2700000000000005,0.016139026942317912
7.28,0.016169649430614316
7.29,0.01620026318505375
7.3,0.01623086790237501
7.3100000000000005,0.016261463280280768
7.32,0.016292049017473387
7.33,0.016322624813675458
7.34,0.01635319036965352
7.3500000000000005,0.016383745387241775
7.36,0.01641428956936562
7.37,0.016444822620065316
7.38,0.016475344244519685
7.390000000000001,0.01650585414906941
7.4,0.016536352041240883
7.41,0.016566837629769543
7.42,0.016597310624623315
7.43,0.016627770737026166
7.44,0.016658217679481422
7.45,0.016688651165795168
7.46,0.01671907091109951
7.47,0.016749476631876002
7.48,0.016779868045978565
7.49,0.016810244872657032
7.5,0.01684060683257988
7.51,0.016870953647857623
7.5200000000000005,0.01690128504206553
7.53,0.01693160074026684
7.54,0.016961900469035413
7.55,0.016992183956478536
7.5600000000000005,0.01702245093225986
7.57,0.017052701127621916
7.58,0.017082934275408683
7.59,0.017113150110088154
7.6000000000000005,0.01714334836777481
7.61,0.017173528786251908
7.62,0.01720369110499368
7.63,0.017233835065187716
7.640000000000001,0.017263960409756807
7.65,0.01729406688338117
7.66,0.01732415423252021
7.67,0.017354222205434297
7.68,0.017384270552206572
7.69,0.017414299024764518
7.7,0.017444307376901357
7.71,0.017474295364299702
7.72,0.017504262744544218
7.73,0.017534209277155734
7.74,0.017564134723603398
7.75,0.017594038847328096
7.76,0.017623921413763163
7.7700000000000005,0.017653782190354947
7.78,0.01768362094658356
7.79,0.017713437453983037
7.8,0.017743231486161967
7.8100000000000005,0.017773002818823425
7.82,0.017802751208192583
7.83,0.017832476498998752
7.84,0.01786217840857113
7.8500000000000005,0.01789185674278221
7.86,0.01792151128810541
7.87,0.01795114183322677
7.88,0.01798074816906399
7.890000000000001,0.018010330088785696
7.9,0.01803988738782992
7.91,0.018069419863923204
7.92,0.01809892731709877
7.930000000000001,0.018128409549715147
7.94,0.018157866366474186
7.95,0.018187297574439272
7.96,0.018216702983053053
7.97,0.018246082404155227
7.98,0.01827543565200004
7.99,0.018304762543273508
8.,0.01833406289711081
8.01,0.01836333653511184
8.02,0.018392583281363072
8.03,0.01842180296244659
8.040000000000001,0.01845099540746171
8.05,0.018480160448039816
8.06,0.018509297918360233
8.07,0.018538407655166546
8.08,0.01856748949778177
8.09,0.018596543288124018
8.1,0.0186255688707217
8.11,0.018654566092728635
8.120000000000001,0.01868353480393884
8.13,0.018712474856801
8.14,0.01874138610643063
8.15,0.018770268410635393
8.16,0.0187991216299113
8.17,0.018827945627466234
8.18,0.01885674026923663
8.19,0.018885505423895457
8.2,0.018914240962867018
8.21,0.018942946760339578
8.22,0.018971622693278133
8.23,0.019000268641437123
8.24,0.01902888448737211
8.25,0.019057470116452223
8.26,0.019086025416871672
8.27,0.01911455027966129
8.28,0.01914304459869982
8.290000000000001,0.019171508270724846
8.3,0.019199941195343743
8.31,0.019228343275044104
8.32,0.019256714415204105
8.33,0.01928505452410237
8.34,0.019313363512928148
8.35,0.019341641295790513
8.36,0.01936988778972776
8.370000000000001,0.019398102914716667
8.38,0.019426286593680876
8.39,0.01945443953250707
8.4,0.019482559320017107
8.41,0.019510648228047742
8.42,0.019538705411386866
8.43,0.019566730807860904
8.44,0.019594724358160696
8.45,0.01962268600610613
8.46,0.01965061569848339
8.47,0.019678513385093365
8.48,0.019706379018757568
8.49,0.019734212555324242
8.5,0.019762013953673815
8.51,0.019789783175724395
8.52,0.019817520186436777
8.53,0.019845224953819234
8.540000000000001,0.01987289744893215
8.55,0.01990053764589215
8.56,0.01992814552187604
8.57,0.019955721057124686
8.58,0.019983264234946282
8.59,0.02001077504171947
8.6,0.020038253466896402
8.61,0.020065699503004807
8.620000000000001,0.020093113145650904
8.63,0.020120494393520903
8.64,0.020147843248383018
8.65,0.020175159715088545
8.66,0.02020244380157344
8.67,0.02022969551885879
8.68,0.02025691488105142
8.69,0.020284101905344375
8.700000000000001,0.0203112566120167
8.71,0.020338379024433
8.72,0.02036546916904315
8.73,0.02039252707538114
8.74,0.020419552776063804
8.75,0.020446546306789694
8.76,0.020473507706336772
8.77,0.020500437016560756
8.78,0.020527334282392465
8.790000000000001,0.020554199551835267
8.8,0.020581032875962038
8.81,0.020607834308911818
8.82,0.02063460390788644
8.83,0.020661341733146397
8.84,0.020688047848006985
8.85,0.020714722318833406
8.86,0.020741365215036292
8.870000000000001,0.020767976609066638
8.88,0.020794556576410356
8.89,0.020821105195582407
8.9,0.020847622548121326
8.91,0.020874108718582446
8.92,0.020900563794531524
8.93,0.020926987866541794
8.94,0.020953381028171358
8.950000000000001,0.020979743375978667
8.96,0.021006075009499595
8.97,0.021032376031242923
8.98,0.021058646546682217
8.99,0.021084886664247106
9.,0.021111096495314265
9.01,0.02113727615419807
9.02,0.021163425758141192
9.03,0.021189545427304675
9.040000000000001,0.021215635284757714
9.05,0.021241695456467126
9.06,0.021267726071286894
9.07,0.021293727260946704
9.08,0.021319699160041086
9.09,0.021345641906017024
9.1,0.021371555639162886
9.11,0.02139744050259547
9.120000000000001,0.02142329664224787
9.13,0.021449124206856598
9.14,0.02147492334794819
9.15,0.02150069421982612
9.16,0.0215264369795569
9.17,0.02155215178695628
9.18,0.021577838804574576
9.19,0.02160349819768241
9.200000000000001,0.021629130134255877
9.21,0.021654734784961258
9.22,0.02168031232313936
9.23,0.02170586292479017
9.24,0.02173138676855669
9.25,0.02175688403570856
9.26,0.021782354910125576
9.27,0.021807799578280666
9.28,0.02183321822922295
9.290000000000001,0.02185861105456019
9.3,0.02188397824844118
9.31,0.021909320007537366
9.32,0.02193463653102519
9.33,0.021959928020567097
9.34,0.021985194680293006
9.35,0.02201043671678084
9.36,0.02203565433903762
9.370000000000001,0.02206084775847944
9.38,0.022086017188911865
9.39,0.022111162846509533
9.4,0.022136284949795942
9.41,0.022161383719622427
9.42,0.022186459379147462
9.43,0.022211512153815387
9.44,0.02223654227133484
9.450000000000001,0.022261549961657072
9.46,0.02228653545695367
9.47,0.02231149899159496
9.48,0.02233644080212667
9.49,0.02236136112724756
9.5,0.022386260207786737
9.51,0.022411138286679518
9.52,0.022435995608944714
9.53,0.02246083242166039
9.540000000000001,0.02248564897394011
9.55,0.02251044551690856
9.56,0.022535222303676904
9.57,0.022559979589318328
9.58,0.02258471763084295
9.59,0.022609436687172527
9.6,0.02263413701911499
9.61,0.022658818889339023
9.620000000000001,0.022683482562347947
9.63,0.022708128304453463
9.64,0.022732756383749497
9.65,0.022757367070085712
9.66,0.02278196063504028
9.67,0.022806537351893395
9.68,0.022831097495599403
9.69,0.022855641342760177
9.700000000000001,0.02288016917159647
9.71,0.022904681261920835
9.72,0.02292917789510903
9.73,0.022953659354071915
9.74,0.02297812592322706
9.75,0.023002577888469787
9.76,0.0230270155371443
9.77,0.0230514391580149
9.78,0.02307584904122814
9.790000000000001,0.023100245478315858
9.8,0.02312462875766527
9.81,0.023148999182365373
9.82,0.023173357043342713
9.83,0.023197702637273932
9.84,0.02322203626202318
9.85,0.02324635821664241
9.86,0.0232706688013405
9.870000000000001,0.023294968321560864
9.88,0.02331925707138597
9.89,0.02334353535847012
9.9,0.023367803487300866
9.91,0.023392061763358795
9.92,0.023416310493085502
9.93,0.023440549983851852
9.94,0.02346478054392559
9.950000000000001,0.023489002482439365
9.96,0.023513216109358127
9.97,0.02353742173544673
9.98,0.02356161967223711
9.99,0.023585810231995488
10.,0.02360999372768933
10.01,0.023634170472954363
10.02,0.023658340782061093
10.03,0.023682504969881602
10.040000000000001,0.023706663351855926
10.05,0.02373081624395842
10.06,0.023754963962664202
10.07,0.023779106824914773
10.08,0.02380324514808454
10.09,0.02382737924994634
10.1,0.023851509448637266
10.11,0.023875636062624397
10.120000000000001,0.02389975941067043
10.13,0.02392387981179881
10.14,0.023947997585259333
10.15,0.023972113050493262
10.16,0.023996226527098593
10.17,0.02402033833479491
10.18,0.02404444879338852
10.19,0.02406855822273736
10.200000000000001,0.024092666942715488
10.21,0.024116775273178088
10.22,0.02414088353392611
10.23,0.02416499204467458
10.24,0.02418910112500102
10.25,0.024213211094334594
10.26,0.024237322271903585
10.27,0.024261434976704195
10.28,0.02428554952746441
10.290000000000001,0.02430966624260836
10.3,0.024333785440220676
10.31,0.024357907438010012
10.32,0.02438203255327348
10.33,0.024406161102860403
10.34,0.024430293403136356
10.35,0.024454429769947134
10.36,0.024478570518582307
10.370000000000001,0.024502715963739246
10.38,0.02452686641948698
10.39,0.02455102219922966
10.4,0.02457518361567075
10.41,0.024599350980776206
10.42,0.02462352460573854
10.43,0.024647704800940425
10.44,0.024671891875918357
10.450000000000001,0.024696086139326272
10.46,0.024720287898899157
10.47,0.024744497461416867
10.48,0.024768715132667717
10.49,0.02479294121741201
10.5,0.0248171760193458
10.51,0.024841419841064614
10.52,0.02486567298402709
10.53,0.024889935748518652
10.540000000000001,0.024914208433615102
10.55,0.024938491337146904
10.56,0.02496278475566211
10.57,0.02498708898439095
10.58,0.0250114043172091
10.59,0.025035731046601825
10.6,0.025060069463627915
10.61,0.025084419857883317
10.620000000000001,0.02510878251746551
10.63,0.02513315772893731
10.64,0.02515754577729084
10.65,0.025181946945911932
10.66,0.025206361516544346
10.67,0.025230789769253463
10.68,0.025255231982391352
10.69,0.0252796884325607
10.700000000000001,0.025304159394579192
10.71,0.025328645141444228
10.72,0.025353145944297675
10.73,0.025377662072389964
10.74,0.025402193793045452
10.75,0.02542674137162678
10.76,0.02545130507150005
10.77,0.025475885153999848
10.78,0.025500481878394113
10.790000000000001,0.025525095501849577
10.8,0.025549726279396823
10.81,0.02557437446389583
10.82,0.02559904030600155
10.83,0.025623724054129157
10.84,0.025648425954420198
10.85,0.02567314625070807
10.86,0.025697885184484178
10.870000000000001,0.02572264299486391
10.88,0.02574741991855262
10.89,0.025772216189812493
10.9,0.025797032040428318
10.91,0.025821867699674376
10.92,0.025846723394281415
10.93,0.02587159934840266
10.94,0.02589649578358194
10.950000000000001,0.02592141291871943
10.96,0.025946350970040322
10.97,0.025971310151061147
10.98,0.02599629067255801
10.99,0.02602129274253397
11.,0.02604631656618669
11.01,0.026071362345877085
11.02,0.026096430281097087
11.03,0.026121520568438264
11.040000000000001,0.02614663340155978
11.05,0.02617176897115773
11.06,0.026196927464933767
11.07,0.026222109067564146
11.08,0.026247313960668765
11.09,0.026272542322780836
11.1,0.026297794329316417
11.11,0.026323070152543912
11.120000000000001,0.02634836996155454
11.13,0.02637369392223205
11.14,0.026399042197223107
11.15,0.026424414945908158
11.16,0.026449812324371644
11.17,0.026475234485373686
11.18,0.026500681578320577
11.19,0.02652615374923617
11.200000000000001,0.026551651140734014
11.21,0.02657717389198854
11.22,0.026602722138707378
11.23,0.026628296013103583
11.24,0.02665389564386759
11.25,0.026679521156140768
11.26,0.02670517267148731
11.27,0.0267308503078682
11.28,0.026756554179614023
11.290000000000001,0.02678228439739833
11.3,0.026808041068212513
11.31,0.02683382429533843
11.32,0.026859634178323877
11.33,0.026885470812956298
11.34,0.02691133429123811
11.35,0.026937224701361357
11.36,0.02696314212768319
11.370000000000001,0.02698908665070129
11.38,0.02701505834702961
11.39,0.027041057289374393
11.4,0.0270670835465105
11.41,0.027093137183258186
11.42,0.02711921826045926
11.43,0.027145326834955023
11.44,0.02717146295956293
11.450000000000001,0.027197626683054095
11.46,0.027223818050132104
11.47,0.02725003710141003
11.48,0.02727628387338959
11.49,0.027302558398439463
11.5,0.027328860704774728
11.51,0.027355190816435487
11.52,0.027381548753266906
11.53,0.027407934530898778
11.540000000000001,0.027434348160725958
11.55,0.02746078964988829
11.56,0.02748725900125169
11.57,0.02751375621338869
11.58,0.02754028128056058
11.59,0.027566834192697832
11.6,0.02759341493538319
11.61,0.027620023489832696
11.620000000000001,0.027646659832878843
11.63,0.027673323936953327
11.64,0.02770001577006995
11.65,0.027726735295808203
11.66,0.02775348247330225
11.67,0.02778025725720238
11.68,0.027807059597693827
11.69,0.02783388944045833
11.700000000000001,0.027860746726664647
11.71,0.027887631392954474
11.72,0.02791454337142682
11.73,0.02794148258962501
11.74,0.027968448970522496
11.75,0.027995442432509586
11.76,0.028022462889379873
11.77,0.028049510250317888
11.78,0.028076584419886405
11.790000000000001,0.028103685298014516
11.8,0.028130812779985716
11.81,0.02815796675642606
11.82,0.028185147113293427
11.83,0.028212353731866768
11.84,0.028239586488735216
11.85,0.028266845255788455
11.86,0.028294129900206196
11.870000000000001,0.028321440284449603
11.88,0.0283487762662513
11.89,0.028376137698607366
11.9,0.028403524429767985
11.91,0.028430936303200954
11.92,0.028458373157696587
11.93,0.02848583482719681
11.94,0.028513321140893062
11.950000000000001,0.028540831923194128
11.96,0.02856836699372018
11.97,0.028595926167296296
11.98,0.028623509253946897
11.99,0.028651116058891455
12.,0.0286787463825372
12.01,0.028706400020477175
12.02,0.028734076763483805
12.030000000000001,0.028761776397506638
12.040000000000001,0.028789498703667454
12.05,0.028817243458258
12.06,0.02884501043273667
12.07,0.028872799393726178
12.08,0.0289006101030114
12.09,0.02892844231753758
12.1,0.028956295789409184
12.11,0.028984170265888214
12.120000000000001,0.029012065489394074
12.13,0.029039981197503242
12.14,0.029067917122948927
12.15,0.029095872993621895
12.16,0.02912384853257066
12.17,0.029151843458003333
12.18,0.0291798574832884
12.19,0.029207890316957086
12.200000000000001,0.029235941662705295
12.21,0.029264011219395994
12.22,0.029292098681062875
12.23,0.02932020373691293
12.24,0.029348326071330103
12.25,0.029376465363880104
12.26,0.02940462128931369
12.27,0.029432793517572692
12.280000000000001,0.029460981713793757
12.290000000000001,0.02948918553831499
12.3,0.029517404646681254
12.31,0.029545638689650332
12.32,0.029573887313199862
12.33,0.02960215015853413
12.34,0.029630426862091157
12.35,0.029658717055550815
12.36,0.029687020365842417
12.370000000000001,0.029715336415153705
12.38,0.029743664820938792
12.39,0.02977200519592827
12.4,0.029800357148137713
12.41,0.029828720280878677
12.42,0.029857094192768115
12.43,0.029885478477738724
12.44,0.02991387272505111
12.450000000000001,0.02994227651930391
12.46,0.029970689440445942
12.47,0.029999111063788553
12.48,0.030027540960017533
12.49,0.030055978695206306
12.5,0.03008442383082839
12.51,0.030112875923771813
12.52,0.03014133452635225
12.530000000000001,0.03016979918632781
12.540000000000001,0.030198269446912597
12.55,0.030226744846793028
12.56,0.030255224920142244
12.57,0.03028370919663556
12.58,0.030312197201467453
12.59,0.030340688455366766
12.6,0.030369182474613954
12.61,0.03039767877105854
12.620000000000001,0.03042617685213557
12.63,0.03045467622088434
12.64,0.03048317637596594
12.65,0.030511676811681928
12.66,0.030540177017992984
12.67,0.030568676480538258
12.68,0.0305971746806546
12.69,0.030625671095396847
12.700000000000001,0.030654165197557544
12.71,0.030682656455688045
12.72,0.030711144334118617
12.73,0.030739628292980794
12.74,0.030768107788227514
12.75,0.030796582271656193
12.76,0.030825051190930444
12.77,0.030853513989603135
12.780000000000001,0.03088197010713809
12.790000000000001,0.03091041897893504
12.8,0.030938860036352725
12.81,0.03096729270673032
12.82,0.030995716413415666
12.83,0.031024130575787637
12.84,0.031052534609281177
12.85,0.031080927925412713
12.86,0.031109309931805842
12.870000000000001,0.0311376800322169
12.88,0.031166037626561255
12.89,0.031194382110940125
12.9,0.03122271287766696
12.91,0.03125102931529468
12.92,0.03127933080864348
12.93,0.031307616738828196
12.94,0.031335886483286904
12.950000000000001,0.03136413941580808
12.96,0.031392374906561174
12.97,0.03142059232212396
12.98,0.031448791025512915
12.99,0.03147697037621182
13.,0.03150512973020296
13.01,0.031533268439996154
13.02,0.03156138585465995
13.030000000000001,0.03158948131985216
13.040000000000001,0.0316175541778509
13.05,0.03164560376758639
13.06,0.03167362942467201
13.07,0.03170163048143646
13.08,0.031729606266956686
13.09,0.03175755610708905
13.1,0.031785479324503464
13.11,0.03181337523871575
13.120000000000001,0.03184124316612123
13.13,0.03186908242002795
13.14,0.031896892310691385
13.15,0.031924672145347825
13.16,0.031952421228249525
13.17,0.031980138860698164
13.18,0.03200782434108179
13.19,0.03203547696490832
13.200000000000001,0.03206309602484128
13.21,0.03209068081073668
13.22,0.032118230609677695
13.23,0.03214574470601147
13.24,0.03217322238138563
13.25,0.03220066291478507
13.26,0.03222806558256873
13.27,0.032255429658506626
13.280000000000001,0.032282754413817935
13.290000000000001,0.032310039117208283
13.3,0.032337283034907516
13.31,0.032364485430708016
13.32,0.03239164556600352
13.33,0.03241876269982684
13.34,0.03244583608888929
13.35,0.03247286498762006
13.36,0.03249984864820442
13.370000000000001,0.032526786320624175
13.38,0.03255367725269679
13.39,0.0325805206901158
13.4,0.032607315876490156
13.41,0.032634062053385295
13.42,0.03266075846036346
13.43,0.03268740433502387
13.44,0.03271399891304487
13.450000000000001,0.03274054142822273
13.46,0.03276703111251583
13.47,0.032793467196083725
13.48,0.03281984890733049
13.49,0.032846175472945376
13.5,0.03287244611794499
13.51,0.03289866006571613
13.52,0.03292481653805768
13.530000000000001,0.03295091475522324
13.540000000000001,0.03297695393596338
13.55,0.03300293329756934
13.56,0.033028852055915145
13.57,0.033054709425501365
13.58,0.033080504619498144
13.59,0.03310623684978882
13.6,0.03313190532701342
13.61,0.0331575092606125
13.620000000000001,0.03318304785887062
13.63,0.033208520328961294
13.64,0.03323392587699004
13.65,0.03325926370803973
13.66,0.03328453302621421
13.67,0.033309733034682903
13.68,0.03333486293572628
13.69,0.033359921930779225
13.700000000000001,0.033384909220477745
13.71,0.03340982400470209
13.72,0.033434665482623346
13.73,0.03345943285274788
13.74,0.0334841253129626
13.75,0.033508742060581014
13.76,0.03353328229238823
13.77,0.03355774520468621
13.780000000000001,0.033582129993340745
13.790000000000001,0.03360643585382579
13.8,0.03363066198127006
13.81,0.03365480757050282
13.82,0.033678871816100006
13.83,0.03370285391242992
13.84,0.033726753053699834
13.85,0.03375056843400223
13.86,0.03377429924736042
13.870000000000001,0.033797944687775354
13.88,0.03382150394927222
13.89,0.033844976225946136
13.9,0.03386836071200963
13.91,0.03389165660183804
13.92,0.03391486309001702
13.93,0.03393797937138874
13.94,0.03396100464109787
13.950000000000001,0.033983938094639864
13.96,0.03400677892790601
13.97,0.03402952633723071
13.98,0.03405217951943876
13.99,0.03407473767189109
14.,0.03409719999253222
14.01,0.03411956567993679
14.02,0.03414183393335642
14.030000000000001,0.03416400395276637
14.040000000000001,0.03418607493891211
14.05,0.03420804609335633
14.06,0.03422991661852597
14.07,0.034251685717758294
14.08,0.03427335259534773
14.09,0.034294916456593265
14.1,0.03431637650785094
14.11,0.034337731956554415
14.120000000000001,0.03435898201130081
14.13,0.03438012588187161
14.14,0.03440116277928548
14.15,0.03442209191584407
14.16,0.03444291250517934
14.17,0.0344636237623005
14.18,0.03448422490363788
14.19,0.034504715147092614
14.200000000000001,0.03452509371208025
14.21,0.034545359819577855
14.22,0.03456551269217094
14.23,0.034585551554097364
14.24,0.03460547563129572
14.25,0.03462528415144957
14.26,0.03464497634403405
14.27,0.03466455144036156
14.280000000000001,0.03468400867362652
14.290000000000001,0.03470334727895241
14.3,0.034722566493435914
14.31,0.03474166555619296
14.32,0.034760643708404156
14.33,0.03477950019335872
14.34,0.034798234256501574
14.35,0.034816845145475964
14.36,0.034835332110170224
14.370000000000001,0.03485369440276151
14.38,0.03487193127776045
14.39,0.03489004199205597
14.4,0.03490802580495874
14.41,0.03492588197824678
14.42,0.03494360977620825
14.43,0.03496120846568613
14.44,0.03497867731612125
14.450000000000001,0.03499601559959717
14.46,0.03501322259088233
14.47,0.03503029756747423
14.48,0.03504723980964235
14.49,0.035064048600470715
14.5,0.035080723225902034
14.51,0.03509726297477884
14.52,0.03511366713888721
14.530000000000001,0.03512993501299849
14.540000000000001,0.035146065894911496
14.55,0.03516205908549509
14.56,0.03517791388872902
14.57,0.03519362961174678
14.58,0.03520920556487607
14.59,0.03522464106168042
14.6,0.0352399354190001
14.61,0.035255087956993295
14.620000000000001,0.035270097999176644
14.63,0.03528496487246558
14.64,0.03529968790721473
14.65,0.03531426643725799
14.66,0.03532869979994796
14.67,0.03534298733619653
14.68,0.03535712839051304
14.69,0.0353711223110441
14.700000000000001,0.0353849684496135
14.71,0.03539866616175854
14.72,0.03541221480677081
14.73,0.035425613747733654
14.74,0.03543886235921375
14.75,0.035451959996499596
14.76,0.03546490603483106
14.77,0.03547769986758891
14.780000000000001,0.03549034086991202
14.790000000000001,0.03550282842842426
14.8,0.03551516193380247
14.81,0.03552734078081223
14.82,0.03553936436834469
14.83,0.0355512320994521
14.84,0.03556294338138281
14.85,0.03557449762561732
14.86,0.03558589424790251
14.870000000000001,0.03559713266828729
14.88,0.03560821231115615
14.89,0.03561913260526363
14.9,0.03562989298376827
14.91,0.0356404928842661
14.92,0.03565093174882429
14.93,0.03566120902401368
14.94,0.03567132416094213
14.950000000000001,0.035681276615286334
14.96,0.03569106584732402
14.97,0.03570069132196646
14.98,0.03571015250878975
14.99,0.03571944888206566
15.,0.035728579920792834
15.01,0.035737545108727675
15.02,0.03574634393441434
15.030000000000001,0.03575497589121523
15.040000000000001,0.035763440477340314
15.05,0.0357717371958767
15.06,0.035779865554817845
15.07,0.035787825067091494
15.08,0.03579561525058971
15.09,0.03580323562819551
15.1,0.03581068572781166
15.11,0.035817965082387826
15.120000000000001,0.03582507322994731
15.13,0.03583200971361479
15.14,0.03583877408164174
15.15,0.035845365887422674
15.16,0.03585178468956367
15.17,0.03585803005184375
15.18,0.03586410154328171
15.19,0.03586999873815206
15.200000000000001,0.03587572121600796
15.21,0.035881268561706155
15.22,0.03588664036543084
15.23,0.03589183622271598
15.24,0.035896855734469824
15.25,0.03590169850699681
15.26,0.035906364152020184
15.27,0.035910852286703605
15.280000000000001,0.03591516253367377
15.290000000000001,0.035919294521040715
15.3,0.03592324788241894
15.31,0.03592702225694902
15.32,0.03593061728931602
15.33,0.035934032629771365
15.34,0.03593726793415069
15.35,0.03594032286389379
15.36,0.03594319708606389
15.370000000000001,0.035945890273364645
15.38,0.03594840210415924
15.39,0.03595073226248797
15.4,0.03595288043808517
15.41,0.03595484632638439
15.42,0.03595662962858375
15.43,0.035958230051588075
15.44,0.035959647308074584
15.450000000000001,0.03596088111649555
15.46,0.03596193120109369
15.47,0.03596279729191621
15.48,0.03596347912483035
15.49,0.03596397644153569
15.5,0.035964288989579374
15.51,0.03596441652236812
15.52,0.0359643587991813
15.530000000000001,0.035964115585183476
15.540000000000001,0.03596368665143658
15.55,0.03596307177491152
15.56,0.03596227073849871
15.57,0.03596128333102008
15.58,0.03596010934723908
15.59,0.03595874858787076
15.6,0.03595720085959136
15.610000000000001,0.03595546597504785
15.620000000000001,0.035953543752867405
15.63,0.035951434017664916
15.64,0.03594913660005202
15.65,0.03594665133664478
15.66,0.03594397807007087
15.67,0.03594111664897681
15.68,0.035938066928034376
15.69,0.03593482876794735
15.700000000000001,0.03593140203545715
15.71,0.0359277866033481
15.72,0.03592398235045315
15.73,0.03591998916165748
15.74,0.0359158069279044
15.75,0.0359114355461982
15.76,0.03590687491960779
15.77,0.03590212495727054
15.780000000000001,0.035897185574394676
15.790000000000001,0.035892056692261004
15.8,0.035886738238226766
15.81,0.03588123014572524
15.82,0.03587553235426853
15.83,0.03586964480944761
15.84,0.035863567462933205
15.85,0.035857300272475766
15.860000000000001,0.03585084320190536
15.870000000000001,0.03584419622113054
15.88,0.035837359306138454
15.89,0.035830332438991946
15.9,0.035823115607829116
15.91,0.035815708806860067
15.92,0.035808112036365546
15.93,0.03580032530269296
15.94,0.0357923486182532
15.950000000000001,0.035784182001518096
15.96,0.03577582547701494
15.97,0.035767279075322796
15.98,0.035758542833067966
15.99,0.03574961679291822
16.,0.035740501003168924
16.01,0.0357311955193786
16.02,0.03572170040188981
16.03,0.03571201571747912
16.04,0.03570214153931401
16.05,0.03569207794541378
16.06,0.035681825020951255
16.07,0.03567138285669852
16.080000000000002,0.03566075154940667
16.09,0.035649931201795396
16.1,0.03563892192254682
16.11,0.03562772382629307
16.12,0.0356163370336082
16.13,0.03560476167099734
16.14,0.03559299787088619
16.15,0.03558104577160999
16.16,0.035568905517401474
16.17,0.03555657725838064
16.18,0.03554406115054271
16.19,0.03553135735574375
16.2,0.035518466041689775
16.21,0.035505387381924054
16.22,0.03549212155581194
16.23,0.035478668748528834
16.240000000000002,0.03546502915104541
16.25,0.03545120296011226
16.26,0.035437190378247406
16.27,0.03542299161371973
16.28,0.035408606880533273
16.29,0.03539403639841223
16.3,0.03537928039278465
16.31,0.03536433909476639
16.32,0.03534921274114414
16.330000000000002,0.03533390157435778
16.34,0.035318405842484295
16.35,0.03530272579921855
16.36,0.03528686170385738
16.37,0.03527081382127882
16.38,0.035254582421925314
16.39,0.03523816778178441
16.4,0.03522157018236871
16.41,0.03520478991069741
16.42,0.035187827259275474
16.43,0.03517068252607429
16.44,0.03515335601451119
16.45,0.03513584803342758
16.46,0.035118158897069415
16.47,0.03510028892506485
16.48,0.035082238442402935
16.490000000000002,0.03506400777941147
16.5,0.035045597271735326
16.51,0.03502700726031345
16.52,0.035008238091356725
16.53,0.034989290116323485
16.54,0.034970163691897496
16.55,0.03495085917996446
16.56,0.03493137694758747
16.57,0.0349117173669826
16.580000000000002,0.03489188081549524
16.59,0.034871867675575555
16.6,0.03485167833475203
16.61,0.03483131318560832
16.62,0.03481077262575598
16.63,0.03479005705781043
16.64,0.034769166889363295
16.65,0.03474810253295719
16.66,0.03472686440605934
16.67,0.03470545293103434
16.68,0.034683868535116916
16.69,0.03466211165038631
16.7,0.034640182713736326
16.71,0.03461808216685042
16.72,0.03459581045617164
16.73,0.034573368032875376
16.740000000000002,0.03455075535284102
16.75,0.03452797287662329
16.76,0.034505021069423394
16.77,0.03448190040106025
16.78,0.034458611345940006
16.79,0.03443515438302895
16.8,0.034411529995821546
16.81,0.03438773867231157
16.82,0.034363780904962345
16.830000000000002,0.03433965719067581
16.84,0.03431536803076202
16.85,0.03429091393090933
16.86,0.034266295401152606
16.87,0.03424151295584215
16.88,0.03421656711361358
16.89,0.03419145839735474
16.9,0.03416618733417539
16.91,0.03414075445537501
16.92,0.03411516029641054
16.93,0.034089405396864926
16.94,0.03406349030041365
16.95,0.03403741555479355
16.96,0.03401118171176897
16.97,0.03398478932710031
16.98,0.033958238960509625
16.990000000000002,0.033931531175648476
17.,0.03390466654006413
17.01,0.03387764562516647
17.02,0.033850469006194296
17.03,0.033823137262181356
17.04,0.03379565097592292
17.05,0.033768010733941145
17.06,0.03374021712645213
17.07,0.033712270747330395
17.080000000000002,0.03368417219407427
17.09,0.033655922067773306
17.1,0.033627520973071645
17.11,0.03359896951813339
17.12,0.03357026831460976
17.13,0.03354141797760086
17.14,0.033512419125623735
17.150000000000002,0.033483272380574684
17.16,0.0334539783676956
17.17,0.033424537715537356
17.18,0.033394951055924924
17.19,0.03336521902392185
17.2,0.033335342257794116
17.21,0.03330532139897407
17.22,0.03327515709202539
17.23,0.0332448499846065
17.240000000000002,0.03321440072743422
17.25,0.033183809974248316
17.26,0.03315307838177465
17.27,0.03312220660968961
17.28,0.03309119532058309
17.29,0.03306004517992114
17.3,0.033028756856012365
17.31,0.03299733101996807
17.32,0.03296576834566781
17.330000000000002,0.032934069509721026
17.34,0.032902235191432164
17.35,0.03287026607276265
17.36,0.03283816283829375
17.37,0.03280592617519131
17.38,0.03277355677316646
17.39,0.03274105532444101
17.400000000000002,0.03270842252370879
17.41,0.03267565906809935
17.42,0.032642765657140374
17.43,0.03260974299272209
17.44,0.032576591779057286
17.45,0.03254331272264285
17.46,0.0325099065322383
17.47,0.03247637391880223
17.48,0.03244271559547389
17.490000000000002,0.03240893227753075
17.5,0.032375024682351185
17.51,0.032340993529377804
17.52,0.032306839540079624
17.53,0.032272563437915534
17.54,0.03223816594829602
17.55,0.032203647798547355
17.56,0.03216900971787315
17.57,0.032134252437318
17.580000000000002,0.03209937668972947
17.59,0.032064383209721936
17.6,0.03202927273363888
17.61,0.031994045999515205
17.62,0.03195870374704198
17.63,0.0319232467175117
17.64,0.03188767565384344
17.650000000000002,0.03185199130045488
17.66,0.0318161944032856
17.67,0.031780285709745254
17.68,0.03174426596867626
17.69,0.031708135930317134
17.7,0.031671896346266167
17.71,0.031635547969443185
17.72,0.031599091554069585
17.73,0.03156252785557122
17.740000000000002,0.03152585763063134
17.75,0.03148908163709355
17.76,0.0314522006339416
17.77,0.031415215381248085
17.78,0.03137812664019468
17.79,0.03134093517295161
17.8,0.031303641742696287
17.81,0.03126624711356566
17.82,0.0312287520506175
17.830000000000002,0.031191157319796013
17.84,0.0311534636878956
17.85,0.031115671922524846
17.86,0.031077782792070317
17.87,0.031039797065662268
17.88,0.031001715513136806
17.89,0.030963538905003474
17.900000000000002,0.0309252680124062
17.91,0.03088690360709169
17.92,0.030848446461371228
17.93,0.030809897348087083
17.94,0.030771257040577208
17.95,0.030732526312640153
17.96,0.030693705938500692
17.97,0.030654796692774784
17.98,0.030615799350434333
17.990000000000002,0.030576714686774698
18.,0.030537543477377582
18.01,0.030498286498079154
18.02,0.030458944524934674
18.03,0.03041951833418516
18.04,0.03038000870222229
18.05,0.03034041640555678
18.06,0.03030074222078177
18.07,0.030260986924542523
18.080000000000002,0.030221151293500698
18.09,0.030181236104301658
18.1,0.030141242133542395
18.11,0.03010117015773706
18.12,0.030061020953284695
18.13,0.030020795296436857
18.14,0.02998049396326472
18.150000000000002,0.02994011772962683
18.16,0.029899667371136304
18.17,0.02985914366312894
18.18,0.029818547380631884
18.19,0.02977787929833065
18.2,0.029737140190538257
18.21,0.0296963308311629
18.22,0.029655451993677737
18.23,0.029614504451088566
18.240000000000002,0.029573488975902472
18.25,0.029532406340098603
18.26,0.029491257315095807
18.27,0.02945004267172193
18.28,0.029408763180184993
18.29,0.029367419610040822
18.3,0.029326012730164577
18.31,0.02928454330871992
18.32,0.029243012113129317
18.330000000000002,0.029201419910044997
18.34,0.02915976746531803
18.35,0.029118055543971177
18.36,0.02907628491016789
18.37,0.029034456327184363
18.38,0.028992570557380307
18.39,0.028950628362170903
18.400000000000002,0.02890863050199792
18.41,0.0288665777363014
18.42,0.028824470823492064
18.43,0.028782310520922907
18.44,0.02874009758486199
18.45,0.028697832770464473
18.46,0.028655516831786815
18.47,0.028613150521598744
18.48,0.028570734591591603
18.490000000000002,0.02852826979219865
18.5,0.028485756872605676
18.51,0.02844319658072475
18.52,0.028400589663167337
18.53,0.028357936865219497
18.54,0.028315238930814793
18.55,0.028272496602509745
18.56,0.0282297106214577
18.57,0.028186881727383997
18.580000000000002,0.028144010658559964
18.59,0.028101098151779948
18.6,0.028058144942334565
18.61,0.028015151763987688
18.62,0.027972119348951274
18.63,0.027929048427862042
18.64,0.027885939729757288
18.650000000000002,0.027842793982051146
18.66,0.02779961191051085
18.67,0.027756394239234202
18.68,0.02771314169062558
18.69,0.027669854985373922
18.7,0.027626534842430023
18.71,0.027583181978983056
18.72,0.027539797110439444
18.73,0.02749638095040042
18.740000000000002,0.027452934210639966
18.75,0.02740945760108318
18.76,0.02736595182978569
18.77,0.02732241760291078
18.78,0.027278855624591078
18.79,0.02723526659738079
18.8,0.02719165122152703
18.81,0.027148010195419747
18.82,0.02710434421545439
18.830000000000002,0.027060653976012313
18.84,0.02701694016943973
18.85,0.026973203486030002
18.86,0.026929444614002724
18.87,0.02688566423948517
18.88,0.026841863046493532
18.89,0.026798041716913627
18.900000000000002,0.026754200930483207
18.91,0.026710341364772117
18.92,0.02666646369516579
18.93,0.026622568594847323
18.94,0.02657865673477785
18.95,0.02653472878368103
18.96,0.02649078540802505
18.97,0.02644682727200532
18.98,0.026402855037528455
18.990000000000002,0.026358869364194362
19.,0.026314870909280755
19.01,0.026270860327726436
19.02,0.026226838272115957
19.03,0.026182805392662736
19.04,0.026138762337194074
19.05,0.026094709751135856
19.06,0.026050648277496938
19.07,0.02600657855685492
19.080000000000002,0.02596250122733984
19.09,0.02591841692462187
19.1,0.025874326281894226
19.11,0.02583022992986187
19.12,0.025786128496725205
19.13,0.02574202260816751
19.14,0.025697912887341228
19.150000000000002,0.025653799954854582
19.16,0.025609684428758633
19.17,0.025565566924533416
19.18,0.025521448055076577
19.19,0.025477328430690067
19.2,0.025433208659068222
19.21,0.025389089345285224
19.22,0.0253449710917833
19.23,0.025300854498361322
19.240000000000002,0.025256740162163307
19.25,0.025212628677666427
19.26,0.02516852063667071
19.27,0.02512441662828826
19.28,0.025080317238931702
19.29,0.02503622305230398
19.3,0.024992134649388906
19.31,0.024948052608439724
19.32,0.024903977504970497
19.330000000000002,0.024859909911745613
19.34,0.024815850398770028
19.35,0.024771799533281173
19.36,0.024727757879738535
19.37,0.024683725999815696
19.38,0.024639704452390825
19.39,0.02459569379353873
19.400000000000002,0.024551694576522554
19.41,0.024507707351785233
19.42,0.024463732666941518
19.43,0.024419771066771102
19.44,0.024375823093209792
19.45,0.02433188928534287
19.46,0.024287970179397773
19.47,0.024244066308737572
19.48,0.024200178203852857
19.490000000000002,0.024156306392356938
19.5,0.02411245139897751
19.51,0.024068613745552976
19.52,0.024024793951021393
19.53,0.023980992531420945
19.54,0.023937209999879906
19.55,0.02389344686661305
19.56,0.023849703638915597
19.57,0.02380598082115745
19.580000000000002,0.023762278914779788
19.59,0.023718598418288956
19.6,0.023674939827252068
19.61,0.02363130363429323
19.62,0.02358769032908865
19.63,0.023544100398362282
19.64,0.02350053432588299
19.650000000000002,0.023456992592459494
19.66,0.023413475675937927
19.67,0.023369984051197733
19.68,0.023326518190148724
19.69,0.023283078561727424
19.7,0.023239665631895546
19.71,0.02319627986363544
19.72,0.02315292171694917
19.73,0.02310959164885493
19.740000000000002,0.023066290113385554
19.75,0.0230230175615863
19.76,0.022979774441512186
19.77,0.022936561198227852
19.78,0.022893378273803975
19.79,0.02285022610731766
19.8,0.02280710513484984
19.81,0.022764015789484785
19.82,0.022720958501309365
19.830000000000002,0.02267793369741134
19.84,0.02263494180187973
19.85,0.0225919832358042
19.86,0.0225490584172733
19.87,0.02250616776137642
19.88,0.022463311680202273
19.89,0.022420490582839386
19.900000000000002,0.02237770487537647
19.91,0.022334954960902816
19.92,0.022292241239508414
19.93,0.02224956410828528
19.94,0.022206923961328198
19.95,0.022164321189734843
19.96,0.022121756181597434
19.97,0.022079229322046288
19.98,0.022036740993186126
19.990000000000002,0.021994291574141563
20.,0.02195188144104752
20.01,0.02190951096705168
20.02,0.02186718052232237
20.03,0.021824890474023282
20.04,0.021782641186358125
20.05,0.02174043302054402
20.06,0.02169826633482187
20.07,0.02165614148445735
20.080000000000002,0.02161405882174578
20.09,0.021572018696013263
20.1,0.02153002145362045
20.11,0.021488067437965646
20.12,0.021446156989487403
20.13,0.021404290445668724
20.14,0.021362468141039828
20.150000000000002,0.021320690407182197
20.16,0.021278957572731676
20.17,0.021237269963383015
20.18,0.021195627901893558
20.19,0.02115403170808644
20.2,0.021112481698856083
20.21,0.021070978188171646
20.22,0.02102952148708176
20.23,0.020988111903718378
20.240000000000002,0.020946749743302507
20.25,0.020905435308147636
20.26,0.02086416889766545
20.27,0.0208229508083704
20.28,0.020781781333884745
20.29,0.020740660764943627
20.3,0.020699589389400357
20.31,0.020658567492231963
20.32,0.020617595355544274
20.330000000000002,0.020576673258577257
20.34,0.02053580147771141
20.35,0.020494980286472772
20.36,0.02045420995556113
20.37,0.02041349075276653
20.38,0.020372822943110467
20.39,0.02033220678876126
20.400000000000002,0.020291642549062947
20.41,0.02025113048054166
20.42,0.020210670836911596
20.43,0.02017026386908198
20.44,0.02012990982516365
20.45,0.020089608950474826
20.46,0.020049361487549256
20.47,0.020009167676141117
20.48,0.019969027753233694
20.490000000000002,0.019928941953045374
20.5,0.019888910507036606
20.51,0.019848933643917554
20.52,0.019809011589654674
20.53,0.01976914456747843
20.54,0.019729332797890225
20.55,0.019689576498670345
20.56,0.01964987588488469
20.57,0.01961023116889321
20.580000000000002,0.019570642560356625
20.59,0.019531110266244985
20.6,0.01949163449084451
20.61,0.019452215435766407
20.62,0.019412853299953653
20.63,0.019373548279690143
20.64,0.019334300568607538
20.650000000000002,0.019295110357694423
20.66,0.019255977835303594
20.67,0.019216903187161075
20.68,0.01917788659637308
20.69,0.019138928243436177
20.7,0.0191000283062439
20.71,0.019061186960096396
20.72,0.01902240437770843
20.73,0.018983680729217932
20.740000000000002,0.01894501618219485
20.75,0.018906410901649358
20.76,0.01886786505004108
20.77,0.01882937878728731
20.78,0.01879095227077254
20.79,0.01875258565535683
20.8,0.01871427909338439
20.81,0.018676032734693426
20.82,0.018637846726624507
20.830000000000002,0.01859972121402964
20.84,0.01856165633928166
20.85,0.018523652242283056
20.86,0.01848570906047553
20.87,0.01844782692884861
20.88,0.018410005979949885
20.89,0.018372246343892853
20.900000000000002,0.018334548148367887
20.91,0.018296911518650413
20.92,0.018259336577610894
20.93,0.01822182344572416
20.94,0.018184372241078627
20.95,0.0181469830793864
20.96,0.018109656073992255
20.97,0.01807239133588348
20.98,0.01803518897369963
20.990000000000002,0.017998049093741877
21.,0.0179609717999828
21.01,0.01792395719407616
21.02,0.01788700537536658
21.03,0.017850116440899528
21.04,0.017813290485430656
21.05,0.01777652760143584
21.06,0.017739827879121515
21.07,0.017703191406433217
21.080000000000002,0.017666618269067354
21.09,0.017630108550479442
21.1,0.017593662331894938
21.11,0.017557279692318885
21.12,0.0175209607085459
21.13,0.01748470545517055
21.14,0.017448514004596783
21.150000000000002,0.017412386427048333
21.16,0.017376322790578637
21.17,0.017340323161081073
21.18,0.017304387602298858
21.19,0.017268516175835115
21.2,0.017232708941163327
21.21,0.017196965955636974
21.22,0.01716128727450026
21.23,0.01712567295089778
21.240000000000002,0.017090123035884537
21.25,0.017054637578436994
21.26,0.01701921662546252
21.27,0.016983860221809515
21.28,0.016948568410278433
21.29,0.016913341231630897
21.3,0.016878178724600998
21.31,0.016843080925904613
21.32,0.016808047870250482
21.330000000000002,0.01677307959034974
21.34,0.016738176116926216
21.35,0.016703337478727858
21.36,0.016668563702535118
21.37,0.016633854813172786
21.38,0.016599210833519402
21.39,0.01656463178451799
21.400000000000002,0.016530117685186144
21.41,0.016495668552626023
21.42,0.016461284402035113
21.43,0.016426965246716822
21.44,0.016392711098089346
21.45,0.016358521965697502
21.46,0.016324397857222287
21.47,0.01629033877849094
21.48,0.0162563447334882
21.490000000000002,0.016222415724365183
21.5,0.016188551751450675
21.51,0.01615475281326137
21.52,0.01612101890651165
21.53,0.016087350026124134
21.54,0.01605374616523973
21.55,0.016020207315228418
21.56,0.015986733465698927
21.57,0.015953324604509028
21.580000000000002,0.015919980717776453
21.59,0.015886701789887936
21.6,0.015853487803510785
21.61,0.015820338739601782
21.62,0.01578725457741858
21.63,0.01575423529452893
21.64,0.015721280866821685
21.650000000000002,0.015688391275869493
21.66,0.0156555664794866
21.67,0.015622806455976525
21.68,0.015590111174612675
21.69,0.015557480603039983
21.7,0.01552491470728512
21.71,0.015492413451766355
21.72,0.015459976799304255
21.73,0.015427604711131079
21.740000000000002,0.015395297146901325
21.75,0.01536305406470163
21.76,0.015330875406316537
21.77,0.015298761170960889
21.78,0.01526671126784452
21.79,0.015234725663628122
21.8,0.01520280430871003
21.81,0.015170947151980897
21.82,0.015139154140833914
21.830000000000002,0.01510742522117464
21.84,0.015075760337430874
21.85,0.015044159432562432
21.86,0.015012622448071718
21.87,0.01498114932401305
21.88,0.014949739999002645
21.89,0.014918394410228637
21.900000000000002,0.014887112493460855
21.91,0.014855894183060905
21.92,0.014824739411991724
21.93,0.014793648111827248
21.94,0.014762620212762683
21.95,0.014731655643624301
21.96,0.014700754331878212
21.97,0.014669916203641825
21.98,0.014639141183691836
21.990000000000002,0.014608429195475149
22.,0.014577780161118135
22.01,0.014547194001436173
22.02,0.014516670635943614
22.03,0.01448620998286354
22.04,0.01445581195913637
22.05,0.014425476480431361
22.06,0.014395203461154188
22.07,0.01436499281445781
22.080000000000002,0.014334844452251758
22.09,0.014304758285211366
22.1,0.014274734222787406
22.11,0.014244772173216147
22.12,0.014214872043527707
22.13,0.01418503373951176
22.14,0.01415525716590487
22.150000000000002,0.014125542226134151
22.16,0.01409588882250222
22.17,0.014066296856203035
22.18,0.014036766227135152
22.19,0.014007296834202557
22.2,0.01397788857513099
22.21,0.013948541346525374
22.22,0.013919255043878576
22.23,0.01389002956158168
22.240000000000002,0.01386086479293202
22.25,0.013831760630143367
22.26,0.013802716964354832
22.27,0.013773733685639833
22.28,0.013744810683015963
22.29,0.013715947844452944
22.3,0.013687145056883246
22.31,0.01365840220621007
22.32,0.013629719177317102
22.330000000000002,0.013601095854077271
22.34,0.013572532119361883
22.35,0.013544027855049812
22.36,0.013515582942036326
22.37,0.013487197260242285
22.38,0.013458870688622967
22.39,0.013430603105177382
22.400000000000002,0.013402394386956782
22.41,0.013374244410073725
22.42,0.013346153049711342
22.43,0.013318120180131732
22.44,0.013290145674685182
22.45,0.013262229405818974
22.46,0.013234371245086113
22.47,0.013206571063154416
22.48,0.01317882872981492
22.490000000000002,0.013151144113991002
22.5,0.013123517083747097
22.51,0.013095947506297442
22.52,0.013068435248014647
22.53,0.01304098017443886
22.54,0.013013582150285766
22.55,0.012986241039455924
22.56,0.01295895670504333
22.57,0.012931729009343584
22.580000000000002,0.012904557813863122
22.59,0.012877442979327818
22.6,0.012850384365690713
22.61,0.012823381832141812
22.62,0.012796435237115919
22.63,0.012769544438301288
22.64,0.012742709292648483
22.650000000000002,0.0127159296563784
22.66,0.01268920538499083
22.67,0.012662536333273555
22.68,0.012635922355310414
22.69,0.012609363304489215
22.7,0.012582859033511265
22.71,0.012556409394398983
22.72,0.01253001423850425
22.73,0.012503673416517942
22.740000000000002,0.012477386778476563
22.75,0.012451154173772013
22.76,0.01242497545115937
22.77,0.012398850458765018
22.78,0.012372779044095752
22.79,0.01234676105404594
22.8,0.012320796334907062
22.81,0.012294884732375009
22.82,0.012269026091558492
22.830000000000002,0.012243220256987762
22.84,0.012217467072622829
22.85,0.012191766381860952
22.86,0.012166118027545247
22.87,0.012140521851973472
22.88,0.01211497769690534
22.89,0.012089485403570795
22.900000000000002,0.012064044812678702
22.91,0.012038655764424708
22.92,0.012013318098499133
22.93,0.011988031654095172
22.94,0.011962796269917546
22.95,0.011937611784189447
22.96,0.011912478034662034
22.97,0.011887394858621395
22.98,0.011862362092896603
22.990000000000002,0.011837379573869058
23.,0.011812447137478716
23.01,0.011787564619233238
23.02,0.011762731854215974
23.03,0.01173794867709332
23.04,0.011713214922123048
23.05,0.011688530423162743
23.06,0.011663895013676845
23.07,0.011639308526745527
23.080000000000002,0.011614770795071793
23.09,0.011590281650989954
23.1,0.011565840926473295
23.11,0.011541448453142089
23.12,0.011517104062271664
23.13,0.01149280758479967
23.14,0.01146855885133491
23.150000000000002,0.011444357692164255
23.16,0.011420203937260934
23.17,0.011396097416292437
23.18,0.01137203795862845
23.19,0.011348025393348352
23.2,0.011324059549249008
23.21,0.011300140254853024
23.22,0.011276267338416248
23.23,0.011252440627935017
23.240000000000002,0.01122865995115547
23.25,0.011204925135579632
23.26,0.011181236008474047
23.27,0.01115759239687759
23.28,0.011133994127608586
23.29,0.0111104410272734
23.3,0.011086932922273461
23.31,0.011063469638813229
23.32,0.011040051002908068
23.330000000000002,0.01101667684039178
23.34,0.010993346976924147
23.35,0.01097006123799887
23.36,0.010946819448951428
23.37,0.010923621434965957
23.38,0.010900467021083979
23.39,0.010877356032211075
23.400000000000002,0.010854288293125416
23.41,0.010831263628484605
23.42,0.010808281862833667
23.43,0.010785342820613124
23.44,0.010762446326165475
23.45,0.01073959220374408
23.46,0.010716780277519712
23.47,0.010694010371589145
23.48,0.01067128230998159
23.490000000000002,0.010648595916667359
23.5,0.010625951015564851
23.51,0.010603347430547843
23.52,0.010580784985454145
23.53,0.010558263504091786
23.54,0.01053578281024771
23.55,0.010513342727694221
23.56,0.010490943080197905
23.57,0.010468583691525592
23.580000000000002,0.010446264385452904
23.59,0.010423984985771687
23.6,0.010401745316296996
23.61,0.010379545200874963
23.62,0.010357384463390384
23.63,0.010335262927773581
23.64,0.010313180418008935
23.650000000000002,0.010291136758141235
23.66,0.010269131772283707
23.67,0.010247165284625652
23.68,0.010225237119439092
23.69,0.010203347101087152
23.7,0.010181495054031032
23.71,0.010159680802836966
23.72,0.010137904172184794
23.73,0.010116164986874041
23.740000000000002,0.010094463071832175
23.75,0.010072798252121977
23.76,0.010051170352948306
23.77,0.010029579199840058
23.78,0.010008024617968767
23.79,0.009986506433177205
23.8,0.009965024471313783
23.81,0.00994357855840648
23.82,0.009922168520462472
23.830000000000002,0.00990079418429824
23.84,0.009879455376322049
23.85,0.00985815192335152
23.86,0.009836883652420584
23.87,0.00981565039078536
23.88,0.009794451965933221
23.89,0.00977328820558828
23.900000000000002,0.009752158937720202
23.91,0.009731063990550263
23.92,0.00971000319255907
23.93,0.009688976372494152
23.94,0.009667983359376514
23.95,0.009647023982507913
23.96,0.009626098071478809
23.97,0.009605205456174704
23.98,0.009584345966783397
23.990000000000002,0.009563519433802578
24.,0.009542725688047
24.01,0.009521964560654952
24.02,0.009501235883096126
24.03,0.009480539487178162
24.04,0.009459875205054155
24.05,0.009439242869229736
24.060000000000002,0.009418642312569794
24.07,0.009398073368305816
24.080000000000002,0.00937753587004306
24.09,0.009357029651767221
24.1,0.009336554547851737
24.11,0.009316110393064939
24.12,0.009295697022576623
24.13,0.009275314271965212
24.14,0.009254961977225208
24.150000000000002,0.009234639974773185
24.16,0.009214348101455782
24.17,0.009194086194555797
24.18,0.009173854091799577
24.19,0.009153651631363844
24.2,0.009133478651882432
24.21,0.009113334992453192
24.22,0.00909322049264505
24.23,0.009073134992504738
24.240000000000002,0.00905307833256334
24.25,0.009033050353843632
24.26,0.009013050897866241
24.27,0.008993079806657079
24.28,0.00897313692283113
24.29,0.008953222089288594
24.3,0.008933335149688503
24.310000000000002,0.008913475948067177
24.32,0.008893644329229662
24.330000000000002,0.008873840138295584
24.34,0.008854063221013099
24.35,0.008834313423689462
24.36,0.008814590593196192
24.37,0.008794894576976998
24.38,0.00877522522305365
24.39,0.008755582380032299
24.400000000000002,0.008735965897110863
24.41,0.008716375624084451
24.42,0.008696811411352737
24.43,0.008677273109926104
24.44,0.008657760571431389
24.45,0.008638273648119664
24.46,0.008618812192871455
24.47,0.008599376059203374
24.48,0.008579965101274956
24.490000000000002,0.008560579173894023
24.5,0.008541218132524262
24.51,0.00852188183328996
24.52,0.00850257013298349
24.53,0.008483282889070992
24.54,0.008464019959698295
24.55,0.00844478120369764
24.560000000000002,0.008425566480593302
24.57,0.00840637565060823
24.580000000000002,0.008387208574669368
24.59,0.00836806511441443
24.6,0.008348945132197479
24.61,0.00832984849109486
24.62,0.008310775054911623
24.63,0.008291724688186793
24.64,0.00827269725619979
24.650000000000002,0.008253692624975979
24.66,0.008234710661292687
24.67,0.008215751232684804
24.68,0.008196814207450694
24.69,0.008177899454657873
24.7,0.008159006844148926
24.71,0.008140136246546333
24.72,0.008121287533259478
24.73,0.008102460576489117
24.740000000000002,0.008083655249233157
24.75,0.00806487142529271
24.76,0.008046108979276843
24.77,0.008027367786608565
24.78,0.008008647723530148
24.79,0.007989948667108114
24.8,0.007971270495239241
24.810000000000002,0.007952613086655347
24.82,0.007933976320928569
24.830000000000002,0.007915360078477176
24.84,0.007896764240569946
24.85,0.00787818868933171
24.86,0.007859633307748621
24.87,0.00784109797967295
24.88,0.007822582589828282
24.89,0.007804087023814246
24.900000000000002,0.0077856111681119024
24.91,0.007767154910087954
24.92,0.007748718138000631
24.93,0.007730300741003446
24.94,0.007711902609150498
24.95,0.007693523633401632
24.96,0.007675163705625588
24.97,0.0076568227186067225
24.98,0.007638500566047891
24.990000000000002,0.0076201971425760295
25.,0.007601912343746194
25.01,0.007583646066045884
25.02,0.007565398206899912
25.03,0.007547168664674663
25.04,0.007528957338681775
25.05,0.007510764129183302
25.060000000000002,0.007492588937395487
25.07,0.007474431665492819
25.080000000000002,0.007456292216612457
25.09,0.007438170494857883
25.1,0.007420066405303349
25.11,0.007401979853997841
25.12,0.007383910747968406
25.13,0.007365858995224629
25.14,0.007347824504762129
25.150000000000002,0.007329807186566685
25.16,0.007311806951617238
25.17,0.007293823711890263
25.18,0.007275857380363103
25.19,0.00725790787101709
25.2,0.00723997509884185
25.21,0.007222058979837923
25.22,0.0072041594310209385
25.23,0.00718627637042388
25.240000000000002,0.007168409717101522
25.25,0.007150559391132752
25.26,0.007132725313624112
25.27,0.00711490740671291
25.28,0.007097105593569989
25.29,0.007079319798402996
25.3,0.007061549946458883
25.310000000000002,0.0070437959640272385
25.32,0.007026057778443035
25.330000000000002,0.007008335318088738
25.34,0.006990628512397863
25.35,0.0069729372918567525
25.36,0.006955261588007888
25.37,0.006937601333451876
25.38,0.0069199564618498905
25.39,0.006902326907926154
25.400000000000002,0.006884712607470404
25.41,0.006867113497339962
25.42,0.00684952951546166
25.43,0.006831960600834283
25.44,0.0068144066935306
25.45,0.006796867734699286
25.46,0.0067793436665665695
25.47,0.006761834432438617
25.48,0.006744339976702628
25.490000000000002,0.00672686024482934
25.5,0.006709395183374022
25.51,0.006691944739978271
25.52,0.006674508863371785
25.53,0.006657087503373413
25.54,0.006639680610892755
25.55,0.006622288137931323
25.560000000000002,0.006604910037583987
25.57,0.006587546264040096
25.580000000000002,0.0065701967725845176
25.59,0.006552861519598477
25.6,0.006535540462560979
25.61,0.0065182335600495675
25.62,0.00650094077174064
25.63,0.006483662058410878
25.64,0.006466397381937653
25.650000000000002,0.006449146705299767
25.66,0.006431909992577527
25.67,0.006414687208953982
25.68,0.006397478320714614
25.69,0.0063802832952481745
25.7,0.006363102101046618
25.71,0.0063459347077055184
25.72,0.006328781085923933
25.73,0.006311641207504523
25.740000000000002,0.00629451504535391
25.75,0.006277402573481796
25.76,0.006260303767004078
25.77,0.006243218602132216
25.78,0.006226147056187608
25.79,0.0062090891075917585
25.8,0.006192044735868004
25.810000000000002,0.006175013921640911
25.82,0.00615799664663591
25.830000000000002,0.006140992893678488
25.84,0.006124002646693068
25.85,0.006107025890702733
25.86,0.00609006261182796
25.87,0.006073112797285744
25.88,0.006056176435388396
25.89,0.00603925351554235
25.900000000000002,0.006022344028247318
25.91,0.006005447965094692
25.92,0.005988565318766145
25.93,0.0059716960830322185
25.94,0.005954840252750832
25.95,0.005937997823865915
25.96,0.005921168793405127
25.97,0.005904353159478683
25.98,0.005887550921277287
25.990000000000002,0.005870762079070399
26.,0.005853986634203744
26.01,0.005837224589098059
26.02,0.005820475947246185
26.03,0.0058037407132114395
26.04,0.0057870188926248504
26.05,0.005770310492183265
26.060000000000002,0.0057536155196400065
26.07,0.005736933983828626
26.080000000000002,0.005720265894621302
26.09,0.005703611262952026
26.1,0.005686970100807408
26.11,0.005670342421223968
26.12,0.005653728238285127
26.13,0.005637127567118213
26.14,0.005620540423891658
26.150000000000002,0.00560396682581158
26.16,0.005587406791118689
26.17,0.005570860339085195
26.18,0.005554327490011217
26.19,0.005537808265221542
26.2,0.005521302687061975
26.21,0.005504810778895816
26.22,0.005488332565100413
26.23,0.005471868071063139
26.240000000000002,0.005455417323177925
26.25,0.005438980348840961
26.26,0.005422557176447219
26.27,0.005406147835386143
26.28,0.005389752356037736
26.29,0.0053733707697681925
26.3,0.005357003108925867
26.310000000000002,0.005340649406836927
26.32,0.0053243096978008555
26.330000000000002,0.005307984017086089
26.34,0.0052916724009255635
26.35,0.0052753748865119595
26.36,0.005259091511993156
26.37,0.0052428223164674576
26.38,0.005226567339978806
26.39,0.005210326623511741
26.400000000000002,0.005194100208986703
26.41,0.005177888139254831
26.42,0.0051616904580930635
26.43,0.0051455072101986386
26.44,0.0051293384411665085
26.45,0.005113184197555794
26.46,0.005097044526774751
26.47,0.005080919477164048
26.48,0.005064809097913927
26.490000000000002,0.005048713439148113
26.5,0.005032632551856883
26.51,0.0050165664879077
26.52,0.005000515300038702
26.53,0.004984479041853301
26.54,0.004968457767814141
26.55,0.0049524515332369495
26.560000000000002,0.004936460394284863
26.57,0.004920484407962071
26.580000000000002,0.00490452363210775
26.59,0.004888578125389638
26.6,0.0048726479472981175
26.61,0.0048567331581395555
26.62,0.004840833819029965
26.63,0.004824949991888556
26.64,0.004809081739431239
26.650000000000002,0.004793229125163911
26.66,0.004777392213375974
26.67,0.004761571069133267
26.68,0.004745765758271839
26.69,0.0047299763473904605
26.7,0.004714202903844323
26.71,0.00469844549573778
26.72,0.004682704191917216
26.73,0.004666979061964243
26.740000000000002,0.004651270176188614
26.75,0.004635577605620708
26.76,0.004619901422004529
26.77,0.004604241697790504
26.78,0.0045885985061278915
26.79,0.004572971920857641
26.8,0.004557362016504668
26.810000000000002,0.0045417688682706375
26.82,0.00452619255202621
26.830000000000002,0.004510633144303588
26.84,0.004495090722288768
26.85,0.004479565363813614
26.86,0.004464057147348828
26.87,0.004448566151995322
26.88,0.0044330924574768555
26.89,0.004417636144131866
26.900000000000002,0.004402197292905823
26.91,0.004386775985343078
26.92,0.004371372303578864
26.93,0.004355986330331098
26.94,0.004340618148892386
26.95,0.004325267843122018
26.96,0.004309935497437416
26.97,0.004294621196806181
26.98,0.004279325026737509
26.990000000000002,0.004264047073274191
27.,0.004248787422984109
27.01,0.004233546162951862
27.02,0.004218323380770107
27.03,0.004203119164531392
27.04,0.004187933602819525
27.05,0.004172766784700947
27.060000000000002,0.004157618799716156
27.07,0.004142489737871184
27.080000000000002,0.004127379689628956
27.09,0.004112288745900448
27.1,0.004097216998036093
27.11,0.004082164537816852
27.12,0.004067131457445806
27.13,0.004052117849538904
27.14,0.004037123807116452
27.150000000000002,0.004022149423594022
27.16,0.004007194792773708
27.17,0.003992260008835177
27.18,0.003977345166326658
27.19,0.003962450360155934
27.2,0.003947575685581482
27.21,0.003932721238203375
27.22,0.00391788711395432
27.23,0.003903073409090339
27.240000000000002,0.0038882802201819218
27.25,0.0038735076441049495
27.26,0.003858755778031435
27.27,0.0038440247194203568
27.28,0.0038293145660086045
27.29,0.0038146254158017597
27.3,0.0037999573670648833
27.310000000000002,0.0037853105183134196
27.32,0.003770684968303546
27.330000000000002,0.003756080816023645
27.34,0.003741498160684448
27.35,0.003726937101709978
27.36,0.003712397738728517
27.37,0.003697880171562714
27.38,0.0036833845002210695
27.39,0.0036689108248878946
27.400000000000002,0.0036544592459146533
27.41,0.0036400298638099406
27.42,0.0036256227792308953
27.43,0.003611238092973493
27.44,0.003596875905963055
27.45,0.0035825363192452495
27.46,0.0035682194339765826
27.47,0.0035539253514151603
27.48,0.0035396541729111495
27.490000000000002,0.0035254059998976127
27.5,0.003511180933881191
27.51,0.0034969790764326626
27.52,0.0034828005291775896
27.53,0.0034686453937870874
27.54,0.003454513771968473
27.55,0.0034404057654559045
27.560000000000002,0.003426321476001051
27.57,0.0034122610053638324
27.580000000000002,0.003398224455303148
27.59,0.0033842119275674844
27.6,0.003370223523885672
27.61,0.003356259345957726
27.62,0.0033423194954453543
27.63,0.0033284040739629444
27.64,0.0033145131830681733
27.650000000000002,0.003300646924252839
27.66,0.0032868053989335865
27.67,0.0032729887084429112
27.68,0.00325919695401974
27.69,0.003245430236800457
27.7,0.0032316886578096097
27.71,0.00321797231794966
27.72,0.0032042813179966306
27.73,0.003190615758584115
27.740000000000002,0.0031769757401984822
27.75,0.003163361363169087
27.76,0.0031497727276590397
27.77,0.0031362099336562856
27.78,0.0031226730809646485
27.79,0.003109162269194846
27.8,0.0030956775977555064
27.810000000000002,0.0030822191658444885
27.82,0.003068787072439727
27.830000000000002,0.003055381416290721
27.84,0.0030420022959095224
27.85,0.003028649809561966
27.86,0.0030153240552590293
27.87,0.0030020251307479413
27.88,0.0029887531335038783
27.89,0.0029755081607208077
27.900000000000002,0.0029622903093033206
27.91,0.0029490996758577436
27.92,0.0029359363566838458
27.93,0.0029228004477661225
27.94,0.0029096920447654294
27.95,0.002896611243010676
27.96,0.002883558137490201
27.97,0.0028705328228435614
27.98,0.002857535393353173
27.990000000000002,0.0028445659429360824
28.,0.0028316245651357503
28.01,0.0028187113531138205
28.02,0.0028058263996419315
28.03,0.00279296979709378
28.04,0.0027801416374369516
28.05,0.002767342012224891
28.060000000000002,0.0027545710125889944
28.07,0.0027418287292307534
28.080000000000002,0.00272911525241371
28.09,0.002716430671955765
28.1,0.0027037750772214743
28.11,0.0026911485571141933
28.12,0.0026785512000684626
28.13,0.002665983094042322
28.14,0.002653444326509865
28.150000000000002,0.0026409349844536247
28.16,0.002628455154357158
28.17,0.0026160049221975773
28.18,0.0026035843734383336
28.19,0.0025911935930217236
28.2,0.002578832665361719
28.21,0.002566501674336899
28.22,0.0025542007032831175
28.23,0.002541929834986548
28.240000000000002,0.0025296891516765918
28.25,0.00251747873501904
28.26,0.0025052986661089926
28.27,0.002493149025464198
28.28,0.0024810298930180784
28.29,0.002468941348113244
28.3,0.002456883469494539
28.310000000000002,0.002444856335302726
28.32,0.002432860023067694
28.330000000000002,0.002420894609702263
28.34,0.0024089601714954905
28.35,0.0023970567841064432
28.36,0.00238518452255806
28.37,0.002373343461230544
28.38,0.002361533673855694
28.39,0.002349755233510429
28.400000000000002,0.0023380082126109136
28.41,0.0023262926829065865
28.42,0.0023146087154743327
28.43,0.002302956380712573
28.44,0.0022913357483355097
28.45,0.002279746887367484
28.46,0.002268189866137319
28.47,0.00225666475227285
28.48,0.0022451716126953413
28.490000000000002,0.0022337105136141394
28.5,0.0022222815205212537
28.51,0.002210884698186213
28.52,0.0021995201106508565
28.53,0.002188187821223984
28.54,0.002176887892476611
28.55,0.0021656203862367852
28.560000000000002,0.0021543853635848115
28.57,0.0021431828848481834
28.580000000000002,0.002132013009597136
28.59,0.002120875796639672
28.6,0.002109771304017162
28.61,0.0020986995889995777
28.62,0.002087660708081283
28.63,0.0020766547169764234
28.64,0.002065681670614661
28.650000000000002,0.0020547416231370083
28.66,0.0020438346278915717
28.67,0.002032960737407161
28.68,0.0020221200034783635
28.69,0.002011312477051219
28.7,0.0020005382082166137
28.71,0.001989797246320981
28.72,0.001979089639871926
28.73,0.0019684154365570087
28.740000000000002,0.0019577746832402983
28.75,0.0019471674259588874
28.76,0.0019365937099195469
28.77,0.0019260535794952906
28.78,0.0019155470782220901
28.79,0.0019050742487958358
28.8,0.0018946351330692798
28.810000000000002,0.001884229772048739
28.82,0.0018738582058914768
28.830000000000002,0.0018635204739026385
28.84,0.0018532166145325223
28.85,0.00184294666537388
28.86,0.0018327106631594117
28.87,0.0018225086437589555
28.88,0.001812340642177215
28.89,0.0018022066925513585
28.900000000000002,0.001792106828148617
28.91,0.0017820410813640935
28.92,0.001772009483718626
28.93,0.0017620120658567444
28.94,0.0017520488575445243
28.95,0.001742119887667858
28.96,0.0017322251842305208
28.97,0.0017223647743523462
28.98,0.0017125386842676072
28.990000000000002,0.001702746939323499
29.,0.0016929895639784711
29.01,0.0016832665818007754
29.02,0.0016735780154672696
29.03,0.001663923886761891
29.04,0.001654304216574606
29.05,0.0016447190249002073
29.060000000000002,0.0016351683308373271
29.07,0.001625652152587316
29.080000000000002,0.0016161705074534713
29.09,0.0016067234118401312
29.1,0.0015973108812520457
29.11,0.001587932930293508
29.12,0.0015785895726679092
29.13,0.0015692808211772145
29.14,0.0015600066877214248
29.150000000000002,0.0015507671832983784
29.16,0.0015415623180032646
29.17,0.0015323921010285601
29.18,0.0015232565406638158
29.19,0.001514155644295652
29.2,0.0015050894184077239
29.21,0.0014960578685808438
29.22,0.0014870609994931444
29.23,0.0014780988149202862
29.240000000000002,0.001469171317735834
29.25,0.0014602785099115901
29.26,0.0014514203925180688
29.27,0.0014425969657250767
29.28,0.0014338082288022594
29.29,0.0014250541801198227
29.3,0.001416334817149282
29.310000000000002,0.0014076501364643009
29.32,0.0013990001337415591
29.330000000000002,0.0013903848037617919
29.34,0.0013818041404107602
29.35,0.0013732581366803726
29.36,0.0013647467846699883
29.37,0.0013562700755874997
29.38,0.001347827999750785
29.39,0.0013394205465890527
29.400000000000002,0.0013310477046443378
29.41,0.001322709461573024
29.42,0.0013144058041474002
29.43,0.0013061367182574635
29.44,0.0012979021889125374
29.45,0.0012897022002431018
29.46,0.001281536735502741
29.47,0.0012734057770699746
29.48,0.0012653093064503875
29.490000000000002,0.0012572473042786142
29.5,0.001249219750320514
29.51,0.0012412266234753532
29.52,0.0012332679017781594
29.53,0.0012253435624019016
29.54,0.0012174535816600763
29.55,0.0012095979350089914
29.560000000000002,0.0012017765970503882
29.57,0.0011939895415340436
29.580000000000002,0.0011862367413603685
29.59,0.0011785181685831118
29.6,0.0011708337944121463
29.61,0.0011631835892163677
29.62,0.0011555675225264426
29.63,0.001147985563037892
29.64,0.0011404376786140046
29.650000000000002,0.0011329238362890117
29.66,0.001125444002271081
29.67,0.0011179981419455801
29.68,0.0011105862198783308
29.69,0.0011032081998188158
29.7,0.001095864044703644
29.71,0.0010885537166598477
29.72,0.0010812771770084655
29.73,0.0010740343862679044
29.740000000000002,0.0010668253041576517
29.75,0.001059649889601825
29.76,0.0010525081007328363
29.77,0.0010453998948951376
29.78,0.001038325228649031
29.79,0.0010312840577744538
29.8,0.001024276337274819
29.810000000000002,0.0010173020213810771
29.82,0.0010103610635555432
29.830000000000002,0.0010034534164959869
29.84,0.0009965790321397254
29.85,0.0009897378616677717
29.86,0.0009829298555088261
29.87,0.0009761549633437162
29.88,0.0009694131341095349
29.89,0.0009627043160039603
29.900000000000002,0.0009560284564895889
29.91,0.0009493855022983372
29.92,0.0009427753994359231
29.93,0.0009361980931863067
29.94,0.0009296535281161258
29.95,0.0009231416480794324
29.96,0.0009166623962221184
29.97,0.0009102157149866782
29.98,0.0009038015461168433
29.990000000000002,0.0008974198306622696
30.,0.0008910705089833588
